Fedor Sannikov,660024516,/hi
Fedor Sannikov,660024516,/time
Fedor Sannikov,660024516,/help
Fedor Sannikov,660024516,/sum
Fedor Sannikov,660024516,/sum 7 + 9
Fedor Sannikov,660024516,/sum 1 2
Fedor Sannikov,660024516,/help
Fedor Sannikov,660024516,/help
Fedor Sannikov,660024516,/time
Fedor Sannikov,660024516,/help
Fedor Sannikov,660024516,/help
Fedor Sannikov,660024516,/sum
Fedor Sannikov,660024516,/help
Fedor Sannikov,660024516,/time
Fedor Sannikov,660024516,/hi
Fedor Sannikov,660024516,/sum 1 5
Fedor Sannikov,660024516,/hi
Fedor Sannikov,660024516,/hi
Fedor Sannikov,660024516,/hi
